,mean_fit_time,std_fit_time,mean_score_time,std_score_time,param_C,param_gamma,param_kernel,params,split0_test_score,split1_test_score,split2_test_score,split3_test_score,split4_test_score,mean_test_score,std_test_score,rank_test_score,split0_train_score,split1_train_score,split2_train_score,split3_train_score,split4_train_score,mean_train_score,std_train_score
0,5.762885713577271,0.15462320854232955,0.9150040149688721,0.013915021504761753,1e-08,0.1,linear,"{'C': 1e-08, 'gamma': 0.1, 'kernel': 'linear'}",0.25,0.20222222222222222,0.24666666666666667,0.17777777777777778,0.24,0.22333333333333333,0.028475677297140168,87,0.2811111111111111,0.24833333333333332,0.24444444444444444,0.24888888888888888,0.26944444444444443,0.2584444444444444,0.014313077849675242
1,6.502627515792847,0.1415462799278071,1.4023730754852295,0.01877911218756087,1e-08,0.1,rbf,"{'C': 1e-08, 'gamma': 0.1, 'kernel': 'rbf'}",0.2688888888888889,0.27,0.3,0.2588888888888889,0.2822222222222222,0.276,0.014100170737080264,85,1.0,1.0,1.0,1.0,1.0,1.0,0.0
2,6.840574169158936,0.07375234798915319,0.9784232139587402,0.004598285289941491,1e-08,0.1,sigmoid,"{'C': 1e-08, 'gamma': 0.1, 'kernel': 'sigmoid'}",0.04888888888888889,0.04111111111111111,0.056666666666666664,0.043333333333333335,0.052222222222222225,0.04844444444444444,0.0056916659888291985,179,0.043611111111111114,0.04694444444444444,0.04888888888888889,0.04722222222222222,0.043611111111111114,0.04605555555555556,0.002103788469862386
3,5.956232595443725,0.0741686933062361,0.9148781299591064,0.005820318395643941,1e-08,0.1,poly,"{'C': 1e-08, 'gamma': 0.1, 'kernel': 'poly'}",0.15222222222222223,0.17444444444444446,0.2088888888888889,0.14,0.1811111111111111,0.17133333333333334,0.02392787516426277,93,0.23583333333333334,0.21638888888888888,0.22583333333333333,0.22555555555555556,0.23055555555555557,0.22683333333333336,0.006427660135291449
4,6.719857501983642,0.013171442033325464,0.953057336807251,0.006054331357781696,1e-08,2.575,linear,"{'C': 1e-08, 'gamma': 2.575, 'kernel': 'linear'}",0.25,0.20222222222222222,0.24666666666666667,0.17777777777777778,0.24,0.22333333333333333,0.028475677297140168,87,0.2811111111111111,0.24833333333333332,0.24444444444444444,0.24888888888888888,0.26944444444444443,0.2584444444444444,0.014313077849675242
5,6.959542942047119,0.06810350955593207,1.4662304401397706,0.012803953956297232,1e-08,2.575,rbf,"{'C': 1e-08, 'gamma': 2.575, 'kernel': 'rbf'}",0.10333333333333333,0.10666666666666667,0.08555555555555555,0.11666666666666667,0.09555555555555556,0.10155555555555558,0.010484556544075957,96,1.0,1.0,1.0,1.0,1.0,1.0,0.0
6,6.965599155426025,0.05037560309506171,0.984990406036377,0.004731770961115795,1e-08,2.575,sigmoid,"{'C': 1e-08, 'gamma': 2.575, 'kernel': 'sigmoid'}",0.06222222222222222,0.06777777777777778,0.06888888888888889,0.06111111111111111,0.06666666666666667,0.06533333333333333,0.003095197394929806,164,0.05416666666666667,0.060833333333333336,0.07166666666666667,0.06111111111111111,0.06666666666666667,0.0628888888888889,0.0059124267541726715
7,2.8083684921264647,0.04203036271463445,0.6770215511322022,0.006785137642523154,1e-08,2.575,poly,"{'C': 1e-08, 'gamma': 2.575, 'kernel': 'poly'}",0.3655555555555556,0.40555555555555556,0.45444444444444443,0.3511111111111111,0.4,0.3953333333333333,0.03595195696866226,41,0.9769444444444444,0.9819444444444444,0.9766666666666667,0.9802777777777778,0.9786111111111111,0.9788888888888888,0.0020030840419244344
8,6.926756715774536,0.03829734094705858,0.9762035846710205,0.005964335682866295,1e-08,5.05,linear,"{'C': 1e-08, 'gamma': 5.05, 'kernel': 'linear'}",0.25,0.20222222222222222,0.24666666666666667,0.17777777777777778,0.24,0.22333333333333333,0.028475677297140168,87,0.2811111111111111,0.24833333333333332,0.24444444444444444,0.24888888888888888,0.26944444444444443,0.2584444444444444,0.014313077849675242
9,7.156337308883667,0.06291996845045363,1.5091123580932617,0.018047008081740624,1e-08,5.05,rbf,"{'C': 1e-08, 'gamma': 5.05, 'kernel': 'rbf'}",0.07666666666666666,0.0811111111111111,0.07444444444444444,0.08333333333333333,0.08333333333333333,0.07977777777777777,0.003610683735393761,97,1.0,1.0,1.0,1.0,1.0,1.0,0.0
10,7.159881591796875,0.05147119249220309,1.0054106712341309,0.005408789040985302,1e-08,5.05,sigmoid,"{'C': 1e-08, 'gamma': 5.05, 'kernel': 'sigmoid'}",0.06777777777777778,0.07222222222222222,0.06666666666666667,0.057777777777777775,0.06666666666666667,0.06622222222222221,0.004693047129320639,156,0.06666666666666667,0.0675,0.06722222222222222,0.06888888888888889,0.06666666666666667,0.06738888888888889,0.0008164965809277262
11,2.8530044078826906,0.037852987780279755,0.7006090164184571,0.00800835980055028,1e-08,5.05,poly,"{'C': 1e-08, 'gamma': 5.05, 'kernel': 'poly'}",0.36666666666666664,0.3688888888888889,0.4211111111111111,0.33666666666666667,0.4088888888888889,0.3804444444444445,0.03066827693034846,42,0.9936111111111111,0.9955555555555555,0.9938888888888889,0.9936111111111111,0.9944444444444445,0.9942222222222222,0.0007328281087929265
12,7.046123743057251,0.038237228711632126,0.9868968963623047,0.006686943887547683,1e-08,7.525,linear,"{'C': 1e-08, 'gamma': 7.525, 'kernel': 'linear'}",0.25,0.20222222222222222,0.24666666666666667,0.17777777777777778,0.24,0.22333333333333333,0.028475677297140168,87,0.2811111111111111,0.24833333333333332,0.24444444444444444,0.24888888888888888,0.26944444444444443,0.2584444444444444,0.014313077849675242
13,7.315216159820556,0.11473676827576311,1.540329599380493,0.03211144918694599,1e-08,7.525,rbf,"{'C': 1e-08, 'gamma': 7.525, 'kernel': 'rbf'}",0.07,0.07222222222222222,0.06888888888888889,0.08,0.07333333333333333,0.07288888888888889,0.0038873012632302003,100,1.0,1.0,1.0,1.0,1.0,1.0,0.0
14,7.282947206497193,0.0345774471719802,1.030752420425415,0.013265288404436864,1e-08,7.525,sigmoid,"{'C': 1e-08, 'gamma': 7.525, 'kernel': 'sigmoid'}",0.06777777777777778,0.07222222222222222,0.06666666666666667,0.058888888888888886,0.06666666666666667,0.06644444444444444,0.004297573245736381,153,0.06666666666666667,0.06777777777777778,0.06722222222222222,0.06833333333333333,0.06666666666666667,0.06733333333333333,0.0006478835438717
15,2.9046035766601563,0.030918587299518033,0.7090147018432618,0.006730319996637277,1e-08,7.525,poly,"{'C': 1e-08, 'gamma': 7.525, 'kernel': 'poly'}",0.37333333333333335,0.3655555555555556,0.4166666666666667,0.33444444444444443,0.3988888888888889,0.3777777777777778,0.02830172528876973,43,0.9972222222222222,0.9983333333333333,0.9972222222222222,0.9980555555555556,0.9980555555555556,0.9977777777777778,0.0004648111258522572
16,7.161234426498413,0.015918045160977147,1.0048603534698486,0.00373062885573798,1e-08,10.0,linear,"{'C': 1e-08, 'gamma': 10.0, 'kernel': 'linear'}",0.25,0.20222222222222222,0.24666666666666667,0.17777777777777778,0.24,0.22333333333333333,0.028475677297140168,87,0.2811111111111111,0.24833333333333332,0.24444444444444444,0.24888888888888888,0.26944444444444443,0.2584444444444444,0.014313077849675242
17,7.455978441238403,0.12179262753542273,1.5631659507751465,0.03833675243643437,1e-08,10.0,rbf,"{'C': 1e-08, 'gamma': 10.0, 'kernel': 'rbf'}",0.06888888888888889,0.07,0.06777777777777778,0.07111111111111111,0.06888888888888889,0.06933333333333333,0.0011331154474650625,103,1.0,1.0,1.0,1.0,1.0,1.0,0.0
18,7.334839868545532,0.03989553352981366,1.0303662776947022,0.007876081558830053,1e-08,10.0,sigmoid,"{'C': 1e-08, 'gamma': 10.0, 'kernel': 'sigmoid'}",0.06888888888888889,0.06666666666666667,0.06666666666666667,0.06666666666666667,0.06666666666666667,0.0671111111111111,0.000888888888888889,142,0.06666666666666667,0.06777777777777778,0.06722222222222222,0.07194444444444445,0.06694444444444445,0.06811111111111112,0.0019515742300278123
19,2.9302316665649415,0.03491105079674195,0.725355577468872,0.006584933112868982,1e-08,10.0,poly,"{'C': 1e-08, 'gamma': 10.0, 'kernel': 'poly'}",0.37222222222222223,0.3622222222222222,0.4222222222222222,0.33111111111111113,0.3933333333333333,0.37622222222222224,0.030514922477816654,45,0.9980555555555556,0.9983333333333333,0.9980555555555556,0.9988888888888889,0.9988888888888889,0.9984444444444444,0.0003767961101736391
20,2.1379623889923094,0.02001734300925649,0.7459279060363769,0.014800390293042474,0.12500000875,0.1,linear,"{'C': 0.12500000875, 'gamma': 0.1, 'kernel': 'linear'}",0.48444444444444446,0.4588888888888889,0.48777777777777775,0.4411111111111111,0.4922222222222222,0.4728888888888889,0.019671374201182864,36,1.0,1.0,1.0,1.0,1.0,1.0,0.0
21,7.664562463760376,0.03064933676689301,1.6046597480773925,0.033262937975895406,0.12500000875,0.1,rbf,"{'C': 0.12500000875, 'gamma': 0.1, 'kernel': 'rbf'}",0.2111111111111111,0.22666666666666666,0.2588888888888889,0.2511111111111111,0.23777777777777778,0.23711111111111113,0.017063425618179973,86,1.0,1.0,1.0,1.0,1.0,1.0,0.0
22,7.716604280471802,0.044872620913445335,1.0859055519104004,0.0032423037551090727,0.12500000875,0.1,sigmoid,"{'C': 0.12500000875, 'gamma': 0.1, 'kernel': 'sigmoid'}",0.05,0.04111111111111111,0.05555555555555555,0.043333333333333335,0.052222222222222225,0.04844444444444444,0.005425135829214979,179,0.04416666666666667,0.04694444444444444,0.04694444444444444,0.04722222222222222,0.04472222222222222,0.046,0.0012862041003100248
23,2.9279119968414307,0.05798847082343977,0.729856014251709,0.010388592585583339,0.12500000875,0.1,poly,"{'C': 0.12500000875, 'gamma': 0.1, 'kernel': 'poly'}",0.37777777777777777,0.3611111111111111,0.4066666666666667,0.35555555555555557,0.3844444444444444,0.3771111111111111,0.018157065080724885,44,1.0,1.0,1.0,1.0,1.0,1.0,0.0
24,2.1438449382781983,0.01895857405964086,0.7428358554840088,0.012838021208498116,0.12500000875,2.575,linear,"{'C': 0.12500000875, 'gamma': 2.575, 'kernel': 'linear'}",0.48444444444444446,0.4588888888888889,0.48777777777777775,0.4411111111111111,0.4922222222222222,0.4728888888888889,0.019671374201182864,36,1.0,1.0,1.0,1.0,1.0,1.0,0.0
25,7.492396020889283,0.04099899331285986,1.5791687488555908,0.03729075867585655,0.12500000875,2.575,rbf,"{'C': 0.12500000875, 'gamma': 2.575, 'kernel': 'rbf'}",0.10666666666666667,0.10888888888888888,0.08666666666666667,0.11666666666666667,0.09555555555555556,0.10288888888888889,0.010554970744033701,94,1.0,1.0,1.0,1.0,1.0,1.0,0.0
26,7.455966758728027,0.04516346494673899,1.0461458206176757,0.008744426122931881,0.12500000875,2.575,sigmoid,"{'C': 0.12500000875, 'gamma': 2.575, 'kernel': 'sigmoid'}",0.06222222222222222,0.06777777777777778,0.06888888888888889,0.06111111111111111,0.06666666666666667,0.06533333333333333,0.003095197394929806,164,0.05416666666666667,0.060833333333333336,0.07166666666666667,0.06111111111111111,0.06666666666666667,0.0628888888888889,0.0059124267541726715
27,2.957492160797119,0.051331015709597465,0.7379130363464356,0.010035551455904986,0.12500000875,2.575,poly,"{'C': 0.12500000875, 'gamma': 2.575, 'kernel': 'poly'}",0.38222222222222224,0.35,0.4088888888888889,0.3488888888888889,0.3844444444444444,0.37488888888888894,0.02278834443252315,48,1.0,1.0,1.0,1.0,1.0,1.0,0.0
28,2.1814290046691895,0.028557599157021364,0.7535066604614258,0.007047303987027908,0.12500000875,5.05,linear,"{'C': 0.12500000875, 'gamma': 5.05, 'kernel': 'linear'}",0.48444444444444446,0.4588888888888889,0.48777777777777775,0.4411111111111111,0.4922222222222222,0.4728888888888889,0.019671374201182864,36,1.0,1.0,1.0,1.0,1.0,1.0,0.0
29,7.527843284606933,0.033436898564443276,1.6001355171203613,0.0284472949979429,0.12500000875,5.05,rbf,"{'C': 0.12500000875, 'gamma': 5.05, 'kernel': 'rbf'}",0.07666666666666666,0.0811111111111111,0.07444444444444444,0.08333333333333333,0.08333333333333333,0.07977777777777777,0.003610683735393761,97,1.0,1.0,1.0,1.0,1.0,1.0,0.0
30,7.4778705596923825,0.1293412698789496,1.0462239742279054,0.001089250326923513,0.12500000875,5.05,sigmoid,"{'C': 0.12500000875, 'gamma': 5.05, 'kernel': 'sigmoid'}",0.06777777777777778,0.07222222222222222,0.06666666666666667,0.057777777777777775,0.06666666666666667,0.06622222222222221,0.004693047129320639,156,0.06666666666666667,0.0675,0.06722222222222222,0.06888888888888889,0.06666666666666667,0.06738888888888889,0.0008164965809277262
31,3.0132415771484373,0.11759768523164435,0.7498208522796631,0.02865828383962981,0.12500000875,5.05,poly,"{'C': 0.12500000875, 'gamma': 5.05, 'kernel': 'poly'}",0.38222222222222224,0.35,0.4088888888888889,0.3488888888888889,0.3844444444444444,0.37488888888888894,0.02278834443252315,48,1.0,1.0,1.0,1.0,1.0,1.0,0.0
32,2.223639488220215,0.043254172106693994,0.7587305068969726,0.009938641116030914,0.12500000875,7.525,linear,"{'C': 0.12500000875, 'gamma': 7.525, 'kernel': 'linear'}",0.48444444444444446,0.4588888888888889,0.48777777777777775,0.4411111111111111,0.4922222222222222,0.4728888888888889,0.019671374201182864,36,1.0,1.0,1.0,1.0,1.0,1.0,0.0
33,7.576135730743408,0.058934215624853105,1.6481605052947998,0.08678636518822352,0.12500000875,7.525,rbf,"{'C': 0.12500000875, 'gamma': 7.525, 'kernel': 'rbf'}",0.07,0.07222222222222222,0.06888888888888889,0.08,0.07333333333333333,0.07288888888888889,0.0038873012632302003,100,1.0,1.0,1.0,1.0,1.0,1.0,0.0
34,7.574302673339844,0.12465633548116856,1.055134105682373,0.01827288632352689,0.12500000875,7.525,sigmoid,"{'C': 0.12500000875, 'gamma': 7.525, 'kernel': 'sigmoid'}",0.06777777777777778,0.07222222222222222,0.06666666666666667,0.058888888888888886,0.06666666666666667,0.06644444444444444,0.004297573245736381,153,0.06666666666666667,0.06777777777777778,0.06722222222222222,0.06833333333333333,0.06666666666666667,0.06733333333333333,0.0006478835438717
35,2.982802963256836,0.09367581847200664,0.7488456249237061,0.03435848167272747,0.12500000875,7.525,poly,"{'C': 0.12500000875, 'gamma': 7.525, 'kernel': 'poly'}",0.38222222222222224,0.35,0.4088888888888889,0.3488888888888889,0.3844444444444444,0.37488888888888894,0.02278834443252315,48,1.0,1.0,1.0,1.0,1.0,1.0,0.0
36,2.2545512199401854,0.044482710320511924,0.7736488342285156,0.01614444588512502,0.12500000875,10.0,linear,"{'C': 0.12500000875, 'gamma': 10.0, 'kernel': 'linear'}",0.48444444444444446,0.4588888888888889,0.48777777777777775,0.4411111111111111,0.4922222222222222,0.4728888888888889,0.019671374201182864,36,1.0,1.0,1.0,1.0,1.0,1.0,0.0
37,7.532607555389404,0.06911874001423494,1.6312963008880614,0.08235242602766153,0.12500000875,10.0,rbf,"{'C': 0.12500000875, 'gamma': 10.0, 'kernel': 'rbf'}",0.06888888888888889,0.07,0.06777777777777778,0.07111111111111111,0.06888888888888889,0.06933333333333333,0.0011331154474650625,103,1.0,1.0,1.0,1.0,1.0,1.0,0.0
38,7.558582830429077,0.15762567552016332,1.0711543083190918,0.009793989341169502,0.12500000875,10.0,sigmoid,"{'C': 0.12500000875, 'gamma': 10.0, 'kernel': 'sigmoid'}",0.06888888888888889,0.06666666666666667,0.06666666666666667,0.06666666666666667,0.06666666666666667,0.0671111111111111,0.000888888888888889,142,0.06666666666666667,0.06777777777777778,0.06722222222222222,0.07194444444444445,0.06694444444444445,0.06811111111111112,0.0019515742300278123
39,3.0571231842041016,0.030353190036258207,0.7566180229187012,0.003910856873234241,0.12500000875,10.0,poly,"{'C': 0.12500000875, 'gamma': 10.0, 'kernel': 'poly'}",0.38222222222222224,0.35,0.4088888888888889,0.3488888888888889,0.3844444444444444,0.37488888888888894,0.02278834443252315,48,1.0,1.0,1.0,1.0,1.0,1.0,0.0
40,2.2449424266815186,0.04950759558512979,0.7763126373291016,0.011129643344361317,0.2500000075,0.1,linear,"{'C': 0.2500000075, 'gamma': 0.1, 'kernel': 'linear'}",0.4866666666666667,0.4588888888888889,0.48777777777777775,0.4411111111111111,0.4922222222222222,0.47333333333333333,0.019950556166634166,1,1.0,1.0,1.0,1.0,1.0,1.0,0.0
41,7.858982801437378,0.06693674011942866,1.6804327964782715,0.10890318973436715,0.2500000075,0.1,rbf,"{'C': 0.2500000075, 'gamma': 0.1, 'kernel': 'rbf'}",0.2111111111111111,0.21333333333333335,0.22444444444444445,0.2511111111111111,0.20777777777777778,0.22155555555555556,0.01580123451967216,92,1.0,1.0,1.0,1.0,1.0,1.0,0.0
42,7.855455207824707,0.1704048495915077,1.099942970275879,0.02232699341438338,0.2500000075,0.1,sigmoid,"{'C': 0.2500000075, 'gamma': 0.1, 'kernel': 'sigmoid'}",0.05555555555555555,0.042222222222222223,0.04777777777777778,0.044444444444444446,0.056666666666666664,0.04933333333333333,0.005820355934981684,178,0.044444444444444446,0.049444444444444444,0.04777777777777778,0.04861111111111111,0.04388888888888889,0.04683333333333333,0.002247083157350743
43,3.0773599624633787,0.11380695525755465,0.7591940402984619,0.030784012721473776,0.2500000075,0.1,poly,"{'C': 0.2500000075, 'gamma': 0.1, 'kernel': 'poly'}",0.37777777777777777,0.3566666666666667,0.4088888888888889,0.3522222222222222,0.3844444444444444,0.376,0.02047099724964717,46,1.0,1.0,1.0,1.0,1.0,1.0,0.0
44,2.2530842304229735,0.04639763290687486,0.7684930801391602,0.018497342994717114,0.2500000075,2.575,linear,"{'C': 0.2500000075, 'gamma': 2.575, 'kernel': 'linear'}",0.4866666666666667,0.4588888888888889,0.48777777777777775,0.4411111111111111,0.4922222222222222,0.47333333333333333,0.019950556166634166,1,1.0,1.0,1.0,1.0,1.0,1.0,0.0
45,7.608363199234009,0.07462854860709858,1.6621309757232665,0.11584217519697702,0.2500000075,2.575,rbf,"{'C': 0.2500000075, 'gamma': 2.575, 'kernel': 'rbf'}",0.10666666666666667,0.10888888888888888,0.08666666666666667,0.11666666666666667,0.09555555555555556,0.10288888888888889,0.010554970744033701,94,1.0,1.0,1.0,1.0,1.0,1.0,0.0
46,7.551361608505249,0.21717919886966067,1.0631539821624756,0.037605826017095965,0.2500000075,2.575,sigmoid,"{'C': 0.2500000075, 'gamma': 2.575, 'kernel': 'sigmoid'}",0.06111111111111111,0.06888888888888889,0.06888888888888889,0.06222222222222222,0.06666666666666667,0.06555555555555556,0.003296088216486962,162,0.059444444444444446,0.06805555555555555,0.07166666666666667,0.06222222222222222,0.06666666666666667,0.0656111111111111,0.004319064827905958
47,3.007663679122925,0.13402978985889386,0.7544682502746582,0.03275069432579875,0.2500000075,2.575,poly,"{'C': 0.2500000075, 'gamma': 2.575, 'kernel': 'poly'}",0.38222222222222224,0.35,0.4088888888888889,0.3488888888888889,0.3844444444444444,0.37488888888888894,0.02278834443252315,48,1.0,1.0,1.0,1.0,1.0,1.0,0.0
48,2.2585893630981446,0.05634080555814351,0.7666533470153809,0.0204897738458004,0.2500000075,5.05,linear,"{'C': 0.2500000075, 'gamma': 5.05, 'kernel': 'linear'}",0.4866666666666667,0.4588888888888889,0.48777777777777775,0.4411111111111111,0.4922222222222222,0.47333333333333333,0.019950556166634166,1,1.0,1.0,1.0,1.0,1.0,1.0,0.0
49,7.598694801330566,0.0456864237847783,1.6709144115447998,0.13618027399462868,0.2500000075,5.05,rbf,"{'C': 0.2500000075, 'gamma': 5.05, 'kernel': 'rbf'}",0.07666666666666666,0.0811111111111111,0.07444444444444444,0.08333333333333333,0.08333333333333333,0.07977777777777777,0.003610683735393761,97,1.0,1.0,1.0,1.0,1.0,1.0,0.0
50,7.491482210159302,0.20467360982081625,1.0438445568084718,0.01467054243239241,0.2500000075,5.05,sigmoid,"{'C': 0.2500000075, 'gamma': 5.05, 'kernel': 'sigmoid'}",0.06777777777777778,0.06888888888888889,0.06666666666666667,0.06777777777777778,0.06666666666666667,0.06755555555555555,0.000831479419283099,132,0.06666666666666667,0.06694444444444445,0.06722222222222222,0.06972222222222223,0.06666666666666667,0.06744444444444445,0.001157370369777761
51,3.023439073562622,0.12690957107958395,0.7511023998260498,0.034933742564226156,0.2500000075,5.05,poly,"{'C': 0.2500000075, 'gamma': 5.05, 'kernel': 'poly'}",0.38222222222222224,0.35,0.4088888888888889,0.3488888888888889,0.3844444444444444,0.37488888888888894,0.02278834443252315,48,1.0,1.0,1.0,1.0,1.0,1.0,0.0
52,2.224088430404663,0.04124139132786704,0.7585572719573974,0.011978764546105764,0.2500000075,7.525,linear,"{'C': 0.2500000075, 'gamma': 7.525, 'kernel': 'linear'}",0.4866666666666667,0.4588888888888889,0.48777777777777775,0.4411111111111111,0.4922222222222222,0.47333333333333333,0.019950556166634166,1,1.0,1.0,1.0,1.0,1.0,1.0,0.0
53,7.583147382736206,0.10016121200068198,1.6668911933898927,0.11190331518938251,0.2500000075,7.525,rbf,"{'C': 0.2500000075, 'gamma': 7.525, 'kernel': 'rbf'}",0.07,0.07222222222222222,0.06888888888888889,0.08,0.07333333333333333,0.07288888888888889,0.0038873012632302003,100,1.0,1.0,1.0,1.0,1.0,1.0,0.0
54,7.567416000366211,0.201508860923509,1.0552517414093017,0.013887249926142306,0.2500000075,7.525,sigmoid,"{'C': 0.2500000075, 'gamma': 7.525, 'kernel': 'sigmoid'}",0.06777777777777778,0.06666666666666667,0.06666666666666667,0.06666666666666667,0.06666666666666667,0.06688888888888889,0.0004444444444444473,146,0.06666666666666667,0.06694444444444445,0.06722222222222222,0.07194444444444445,0.06666666666666667,0.06788888888888889,0.00203821514753824
55,3.078060483932495,0.14576593874806457,0.7713328838348389,0.051529456095566015,0.2500000075,7.525,poly,"{'C': 0.2500000075, 'gamma': 7.525, 'kernel': 'poly'}",0.38222222222222224,0.35,0.4088888888888889,0.3488888888888889,0.3844444444444444,0.37488888888888894,0.02278834443252315,48,1.0,1.0,1.0,1.0,1.0,1.0,0.0
56,2.2570158004760743,0.07098235782594536,0.7653334617614747,0.01811036012565877,0.2500000075,10.0,linear,"{'C': 0.2500000075, 'gamma': 10.0, 'kernel': 'linear'}",0.4866666666666667,0.4588888888888889,0.48777777777777775,0.4411111111111111,0.4922222222222222,0.47333333333333333,0.019950556166634166,1,1.0,1.0,1.0,1.0,1.0,1.0,0.0
57,7.587131023406982,0.056591569986888635,1.645061731338501,0.09439090355143716,0.2500000075,10.0,rbf,"{'C': 0.2500000075, 'gamma': 10.0, 'kernel': 'rbf'}",0.06888888888888889,0.07,0.06777777777777778,0.07111111111111111,0.06888888888888889,0.06933333333333333,0.0011331154474650625,103,1.0,1.0,1.0,1.0,1.0,1.0,0.0
58,7.509442377090454,0.20175889641445519,1.0637269020080566,0.034660725674201844,0.2500000075,10.0,sigmoid,"{'C': 0.2500000075, 'gamma': 10.0, 'kernel': 'sigmoid'}",0.06888888888888889,0.06666666666666667,0.06666666666666667,0.06666666666666667,0.06666666666666667,0.0671111111111111,0.000888888888888889,142,0.06666666666666667,0.06722222222222222,0.06722222222222222,0.07194444444444445,0.06694444444444445,0.06800000000000002,0.0019829520330638625
59,3.036343479156494,0.14787148512997847,0.7562300205230713,0.040589918802418086,0.2500000075,10.0,poly,"{'C': 0.2500000075, 'gamma': 10.0, 'kernel': 'poly'}",0.38222222222222224,0.35,0.4088888888888889,0.3488888888888889,0.3844444444444444,0.37488888888888894,0.02278834443252315,48,1.0,1.0,1.0,1.0,1.0,1.0,0.0
60,2.24605393409729,0.06053300316222692,0.7657896995544433,0.009309884734007715,0.37500000624999996,0.1,linear,"{'C': 0.37500000624999996, 'gamma': 0.1, 'kernel': 'linear'}",0.4866666666666667,0.4588888888888889,0.48777777777777775,0.4411111111111111,0.4922222222222222,0.47333333333333333,0.019950556166634166,1,1.0,1.0,1.0,1.0,1.0,1.0,0.0
61,7.770851755142212,0.0703681528142595,1.713918399810791,0.14305913842105927,0.37500000624999996,0.1,rbf,"{'C': 0.37500000624999996, 'gamma': 0.1, 'kernel': 'rbf'}",0.06777777777777778,0.07,0.06666666666666667,0.06666666666666667,0.06888888888888889,0.06799999999999999,0.0012957670877434021,106,1.0,1.0,1.0,1.0,1.0,1.0,0.0
62,7.8349672794342045,0.19359720964100396,1.1064655780792236,0.016898124358838317,0.37500000624999996,0.1,sigmoid,"{'C': 0.37500000624999996, 'gamma': 0.1, 'kernel': 'sigmoid'}",0.04888888888888889,0.04111111111111111,0.05,0.04777777777777778,0.06222222222222222,0.05,0.006849348892187751,177,0.04138888888888889,0.04888888888888889,0.04527777777777778,0.04972222222222222,0.05,0.04705555555555556,0.003298896186511894
63,3.039704513549805,0.17787112459151955,0.7597584247589111,0.038913959981404185,0.37500000624999996,0.1,poly,"{'C': 0.37500000624999996, 'gamma': 0.1, 'kernel': 'poly'}",0.37666666666666665,0.3511111111111111,0.4088888888888889,0.3488888888888889,0.3844444444444444,0.374,0.02230650682903041,84,1.0,1.0,1.0,1.0,1.0,1.0,0.0
64,2.2875998497009276,0.06964085415554959,0.7745764255523682,0.022078093185031837,0.37500000624999996,2.575,linear,"{'C': 0.37500000624999996, 'gamma': 2.575, 'kernel': 'linear'}",0.4866666666666667,0.4588888888888889,0.48777777777777775,0.4411111111111111,0.4922222222222222,0.47333333333333333,0.019950556166634166,1,1.0,1.0,1.0,1.0,1.0,1.0,0.0
65,7.642477750778198,0.09113744102957261,1.6837910652160644,0.13156208441766584,0.37500000624999996,2.575,rbf,"{'C': 0.37500000624999996, 'gamma': 2.575, 'kernel': 'rbf'}",0.06777777777777778,0.07,0.06666666666666667,0.06666666666666667,0.06888888888888889,0.06799999999999999,0.0012957670877434021,106,1.0,1.0,1.0,1.0,1.0,1.0,0.0
66,7.61356554031372,0.20693902062135774,1.0883981704711914,0.05257891002321319,0.37500000624999996,2.575,sigmoid,"{'C': 0.37500000624999996, 'gamma': 2.575, 'kernel': 'sigmoid'}",0.06111111111111111,0.06555555555555556,0.06888888888888889,0.06111111111111111,0.06666666666666667,0.06466666666666666,0.0030951973949298055,168,0.059444444444444446,0.05305555555555556,0.0725,0.06111111111111111,0.06527777777777778,0.06227777777777778,0.0064487533487555876
67,3.0515965938568117,0.15550912648893145,0.7711355686187744,0.03944005506268589,0.37500000624999996,2.575,poly,"{'C': 0.37500000624999996, 'gamma': 2.575, 'kernel': 'poly'}",0.38222222222222224,0.35,0.4088888888888889,0.3488888888888889,0.3844444444444444,0.37488888888888894,0.02278834443252315,48,1.0,1.0,1.0,1.0,1.0,1.0,0.0
68,2.2564151763916014,0.06056113051049824,0.766127061843872,0.013568077919248743,0.37500000624999996,5.05,linear,"{'C': 0.37500000624999996, 'gamma': 5.05, 'kernel': 'linear'}",0.4866666666666667,0.4588888888888889,0.48777777777777775,0.4411111111111111,0.4922222222222222,0.47333333333333333,0.019950556166634166,1,1.0,1.0,1.0,1.0,1.0,1.0,0.0
69,7.573745822906494,0.07349003958450416,1.6551231861114502,0.11757099827089579,0.37500000624999996,5.05,rbf,"{'C': 0.37500000624999996, 'gamma': 5.05, 'kernel': 'rbf'}",0.06777777777777778,0.07,0.06666666666666667,0.06666666666666667,0.06888888888888889,0.06799999999999999,0.0012957670877434021,106,1.0,1.0,1.0,1.0,1.0,1.0,0.0
70,7.490512800216675,0.21903720039360888,1.0625305652618409,0.03358740492682884,0.37500000624999996,5.05,sigmoid,"{'C': 0.37500000624999996, 'gamma': 5.05, 'kernel': 'sigmoid'}",0.06777777777777778,0.06888888888888889,0.06666666666666667,0.057777777777777775,0.06666666666666667,0.06555555555555555,0.003975231959999628,163,0.06666666666666667,0.06694444444444445,0.06722222222222222,0.06888888888888889,0.06666666666666667,0.06727777777777778,0.000831479419283098
71,3.046260356903076,0.16799661468592483,0.7675630569458007,0.04426166932442841,0.37500000624999996,5.05,poly,"{'C': 0.37500000624999996, 'gamma': 5.05, 'kernel': 'poly'}",0.38222222222222224,0.35,0.4088888888888889,0.3488888888888889,0.3844444444444444,0.37488888888888894,0.02278834443252315,48,1.0,1.0,1.0,1.0,1.0,1.0,0.0
72,2.286699676513672,0.07984282640537224,0.7728912830352783,0.017298263164941076,0.37500000624999996,7.525,linear,"{'C': 0.37500000624999996, 'gamma': 7.525, 'kernel': 'linear'}",0.4866666666666667,0.4588888888888889,0.48777777777777775,0.4411111111111111,0.4922222222222222,0.47333333333333333,0.019950556166634166,1,1.0,1.0,1.0,1.0,1.0,1.0,0.0
73,7.646326112747192,0.12189064553290153,1.6716256141662598,0.10347213544453679,0.37500000624999996,7.525,rbf,"{'C': 0.37500000624999996, 'gamma': 7.525, 'kernel': 'rbf'}",0.06777777777777778,0.07,0.06666666666666667,0.06666666666666667,0.06888888888888889,0.06799999999999999,0.0012957670877434021,106,1.0,1.0,1.0,1.0,1.0,1.0,0.0
74,7.635395050048828,0.12814931072154637,1.0930997848510742,0.06336540873569843,0.37500000624999996,7.525,sigmoid,"{'C': 0.37500000624999996, 'gamma': 7.525, 'kernel': 'sigmoid'}",0.06777777777777778,0.06666666666666667,0.06666666666666667,0.058888888888888886,0.06666666666666667,0.06533333333333333,0.0032508308529617335,164,0.06666666666666667,0.06694444444444445,0.06722222222222222,0.06833333333333333,0.06666666666666667,0.06716666666666667,0.0006186404847588901
75,3.0628905296325684,0.1695163469135577,0.7753257274627685,0.03985010763707009,0.37500000624999996,7.525,poly,"{'C': 0.37500000624999996, 'gamma': 7.525, 'kernel': 'poly'}",0.38222222222222224,0.35,0.4088888888888889,0.3488888888888889,0.3844444444444444,0.37488888888888894,0.02278834443252315,48,1.0,1.0,1.0,1.0,1.0,1.0,0.0
76,2.2699130058288572,0.06881092419230574,0.7741787910461426,0.018986510711808218,0.37500000624999996,10.0,linear,"{'C': 0.37500000624999996, 'gamma': 10.0, 'kernel': 'linear'}",0.4866666666666667,0.4588888888888889,0.48777777777777775,0.4411111111111111,0.4922222222222222,0.47333333333333333,0.019950556166634166,1,1.0,1.0,1.0,1.0,1.0,1.0,0.0
77,7.625057077407837,0.0423278818202689,1.6738687992095946,0.12525174981755968,0.37500000624999996,10.0,rbf,"{'C': 0.37500000624999996, 'gamma': 10.0, 'kernel': 'rbf'}",0.06777777777777778,0.07,0.06666666666666667,0.06666666666666667,0.06888888888888889,0.06799999999999999,0.0012957670877434021,106,1.0,1.0,1.0,1.0,1.0,1.0,0.0
78,7.515608501434326,0.23957030696140308,1.049158525466919,0.009241586099570752,0.37500000624999996,10.0,sigmoid,"{'C': 0.37500000624999996, 'gamma': 10.0, 'kernel': 'sigmoid'}",0.06888888888888889,0.06666666666666667,0.06666666666666667,0.06444444444444444,0.06666666666666667,0.06666666666666665,0.0014054567378526132,152,0.06666666666666667,0.06722222222222222,0.06722222222222222,0.06833333333333333,0.06694444444444445,0.0672777777777778,0.0005665577237325302
79,3.1009029865264894,0.15774745160380743,0.771678352355957,0.04978789514082295,0.37500000624999996,10.0,poly,"{'C': 0.37500000624999996, 'gamma': 10.0, 'kernel': 'poly'}",0.38222222222222224,0.35,0.4088888888888889,0.3488888888888889,0.3844444444444444,0.37488888888888894,0.02278834443252315,48,1.0,1.0,1.0,1.0,1.0,1.0,0.0
80,2.253416347503662,0.06740887412570268,0.7638872146606446,0.012644681154517402,0.500000005,0.1,linear,"{'C': 0.500000005, 'gamma': 0.1, 'kernel': 'linear'}",0.4866666666666667,0.4588888888888889,0.48777777777777775,0.4411111111111111,0.4922222222222222,0.47333333333333333,0.019950556166634166,1,1.0,1.0,1.0,1.0,1.0,1.0,0.0
81,7.768204975128174,0.08745712340585028,1.7361510276794434,0.12781426095322063,0.500000005,0.1,rbf,"{'C': 0.500000005, 'gamma': 0.1, 'kernel': 'rbf'}",0.06777777777777778,0.07,0.06666666666666667,0.06666666666666667,0.06888888888888889,0.06799999999999999,0.0012957670877434021,106,1.0,1.0,1.0,1.0,1.0,1.0,0.0
82,7.904039192199707,0.20614374073745545,1.1276328086853027,0.03678554884922546,0.500000005,0.1,sigmoid,"{'C': 0.500000005, 'gamma': 0.1, 'kernel': 'sigmoid'}",0.05333333333333334,0.04111111111111111,0.05,0.05444444444444444,0.05444444444444444,0.05066666666666666,0.005047918529600243,176,0.0475,0.051111111111111114,0.0475,0.05277777777777778,0.050277777777777775,0.04983333333333334,0.002068278940998476
83,3.138348436355591,0.27924339968068135,0.8079181671142578,0.09227336983492739,0.500000005,0.1,poly,"{'C': 0.500000005, 'gamma': 0.1, 'kernel': 'poly'}",0.37777777777777777,0.35,0.4122222222222222,0.3488888888888889,0.3844444444444444,0.37466666666666665,0.023616273945348112,83,1.0,1.0,1.0,1.0,1.0,1.0,0.0
84,2.343528413772583,0.24054450404347708,0.759656572341919,0.015534494944843104,0.500000005,2.575,linear,"{'C': 0.500000005, 'gamma': 2.575, 'kernel': 'linear'}",0.4866666666666667,0.4588888888888889,0.48777777777777775,0.4411111111111111,0.4922222222222222,0.47333333333333333,0.019950556166634166,1,1.0,1.0,1.0,1.0,1.0,1.0,0.0
85,7.547458076477051,0.07738624636415395,1.6736860752105713,0.107567506234904,0.500000005,2.575,rbf,"{'C': 0.500000005, 'gamma': 2.575, 'kernel': 'rbf'}",0.06777777777777778,0.07,0.06666666666666667,0.06666666666666667,0.06888888888888889,0.06799999999999999,0.0012957670877434021,106,1.0,1.0,1.0,1.0,1.0,1.0,0.0
86,7.535983037948609,0.2095468138817432,1.053127384185791,0.028177034810242068,0.500000005,2.575,sigmoid,"{'C': 0.500000005, 'gamma': 2.575, 'kernel': 'sigmoid'}",0.06111111111111111,0.06888888888888889,0.06888888888888889,0.06111111111111111,0.06666666666666667,0.06533333333333333,0.0035416394334464958,164,0.059444444444444446,0.06805555555555555,0.07166666666666667,0.06111111111111111,0.06666666666666667,0.06538888888888889,0.0045119867787215455
87,3.007828950881958,0.12524067642755463,0.7494840145111084,0.03493900794369222,0.500000005,2.575,poly,"{'C': 0.500000005, 'gamma': 2.575, 'kernel': 'poly'}",0.38222222222222224,0.35,0.4088888888888889,0.3488888888888889,0.3844444444444444,0.37488888888888894,0.02278834443252315,48,1.0,1.0,1.0,1.0,1.0,1.0,0.0
88,2.230029010772705,0.04258533262380195,0.760442590713501,0.01271081007265059,0.500000005,5.05,linear,"{'C': 0.500000005, 'gamma': 5.05, 'kernel': 'linear'}",0.4866666666666667,0.4588888888888889,0.48777777777777775,0.4411111111111111,0.4922222222222222,0.47333333333333333,0.019950556166634166,1,1.0,1.0,1.0,1.0,1.0,1.0,0.0
89,7.388607978820801,0.07880454307956536,1.6433932304382324,0.09617745600465744,0.500000005,5.05,rbf,"{'C': 0.500000005, 'gamma': 5.05, 'kernel': 'rbf'}",0.06777777777777778,0.07,0.06666666666666667,0.06666666666666667,0.06888888888888889,0.06799999999999999,0.0012957670877434021,106,1.0,1.0,1.0,1.0,1.0,1.0,0.0
90,7.483373737335205,0.2257085164217718,1.0550328731536864,0.0316467121554534,0.500000005,5.05,sigmoid,"{'C': 0.500000005, 'gamma': 5.05, 'kernel': 'sigmoid'}",0.07,0.06888888888888889,0.06666666666666667,0.057777777777777775,0.06666666666666667,0.06599999999999999,0.00430904876214785,159,0.06833333333333333,0.06694444444444445,0.06722222222222222,0.06888888888888889,0.06666666666666667,0.06761111111111111,0.0008534606386520666
91,3.0169066905975344,0.13398270918038688,0.7534679412841797,0.037587818081487714,0.500000005,5.05,poly,"{'C': 0.500000005, 'gamma': 5.05, 'kernel': 'poly'}",0.38222222222222224,0.35,0.4088888888888889,0.3488888888888889,0.3844444444444444,0.37488888888888894,0.02278834443252315,48,1.0,1.0,1.0,1.0,1.0,1.0,0.0
92,2.2461811542510985,0.06230341787324214,0.7635716438293457,0.019342831926076772,0.500000005,7.525,linear,"{'C': 0.500000005, 'gamma': 7.525, 'kernel': 'linear'}",0.4866666666666667,0.4588888888888889,0.48777777777777775,0.4411111111111111,0.4922222222222222,0.47333333333333333,0.019950556166634166,1,1.0,1.0,1.0,1.0,1.0,1.0,0.0
93,7.374613809585571,0.08711541946008361,1.6624125003814698,0.12157366378853098,0.500000005,7.525,rbf,"{'C': 0.500000005, 'gamma': 7.525, 'kernel': 'rbf'}",0.06777777777777778,0.07,0.06666666666666667,0.06666666666666667,0.06888888888888889,0.06799999999999999,0.0012957670877434021,106,1.0,1.0,1.0,1.0,1.0,1.0,0.0
94,7.495319843292236,0.21822395497685854,1.0613530635833741,0.029448980581872043,0.500000005,7.525,sigmoid,"{'C': 0.500000005, 'gamma': 7.525, 'kernel': 'sigmoid'}",0.07,0.06666666666666667,0.06666666666666667,0.058888888888888886,0.06666666666666667,0.06577777777777777,0.0036784323016104134,161,0.06833333333333333,0.06694444444444445,0.06722222222222222,0.06833333333333333,0.06666666666666667,0.0675,0.0007027283689263046
95,3.0194394111633303,0.12467806157516934,0.752931547164917,0.03506214669951481,0.500000005,7.525,poly,"{'C': 0.500000005, 'gamma': 7.525, 'kernel': 'poly'}",0.38222222222222224,0.35,0.4088888888888889,0.3488888888888889,0.3844444444444444,0.37488888888888894,0.02278834443252315,48,1.0,1.0,1.0,1.0,1.0,1.0,0.0
96,2.251884126663208,0.05517010696581336,0.7679578304290772,0.01900285808007255,0.500000005,10.0,linear,"{'C': 0.500000005, 'gamma': 10.0, 'kernel': 'linear'}",0.4866666666666667,0.4588888888888889,0.48777777777777775,0.4411111111111111,0.4922222222222222,0.47333333333333333,0.019950556166634166,1,1.0,1.0,1.0,1.0,1.0,1.0,0.0
97,7.379759025573731,0.05726411772705305,1.6578004360198975,0.09890723994462759,0.500000005,10.0,rbf,"{'C': 0.500000005, 'gamma': 10.0, 'kernel': 'rbf'}",0.06777777777777778,0.07,0.06666666666666667,0.06666666666666667,0.06888888888888889,0.06799999999999999,0.0012957670877434021,106,1.0,1.0,1.0,1.0,1.0,1.0,0.0
98,7.457740211486817,0.1323705748960175,1.069647741317749,0.04200293151298081,0.500000005,10.0,sigmoid,"{'C': 0.500000005, 'gamma': 10.0, 'kernel': 'sigmoid'}",0.07333333333333333,0.06666666666666667,0.06666666666666667,0.06444444444444444,0.06666666666666667,0.06755555555555555,0.003014368881389009,132,0.06777777777777778,0.06722222222222222,0.06722222222222222,0.06833333333333333,0.06694444444444445,0.0675,0.0004969039949999518
99,2.9762929916381835,0.15124828640702767,0.7522988796234131,0.030723800072645926,0.500000005,10.0,poly,"{'C': 0.500000005, 'gamma': 10.0, 'kernel': 'poly'}",0.38222222222222224,0.35,0.4088888888888889,0.3488888888888889,0.3844444444444444,0.37488888888888894,0.02278834443252315,48,1.0,1.0,1.0,1.0,1.0,1.0,0.0
100,2.258266973495483,0.06608872970405291,0.7655809879302978,0.020396393970589254,0.62500000375,0.1,linear,"{'C': 0.62500000375, 'gamma': 0.1, 'kernel': 'linear'}",0.4866666666666667,0.4588888888888889,0.48777777777777775,0.4411111111111111,0.4922222222222222,0.47333333333333333,0.019950556166634166,1,1.0,1.0,1.0,1.0,1.0,1.0,0.0
101,7.385774993896485,0.06715934781394818,1.6193718433380127,0.1339980416683638,0.62500000375,0.1,rbf,"{'C': 0.62500000375, 'gamma': 0.1, 'kernel': 'rbf'}",0.06777777777777778,0.07,0.06666666666666667,0.06777777777777778,0.06666666666666667,0.06777777777777777,0.001217161238900372,131,1.0,1.0,1.0,1.0,1.0,1.0,0.0
102,7.728911685943603,0.22516225634847423,1.0910441875457764,0.019777607156586635,0.62500000375,0.1,sigmoid,"{'C': 0.62500000375, 'gamma': 0.1, 'kernel': 'sigmoid'}",0.05333333333333334,0.042222222222222223,0.04777777777777778,0.05555555555555555,0.058888888888888886,0.051555555555555556,0.0059045912247050756,175,0.04888888888888889,0.051666666666666666,0.049166666666666664,0.051666666666666666,0.0525,0.050777777777777776,0.0014635488747021651
103,3.022995185852051,0.15791240508684387,0.7511778831481933,0.04217720209088578,0.62500000375,0.1,poly,"{'C': 0.62500000375, 'gamma': 0.1, 'kernel': 'poly'}",0.3811111111111111,0.35,0.4111111111111111,0.3488888888888889,0.3844444444444444,0.37511111111111106,0.023397794556826428,47,1.0,1.0,1.0,1.0,1.0,1.0,0.0
104,2.22987847328186,0.07150331234137619,0.7580277919769287,0.010466042540884566,0.62500000375,2.575,linear,"{'C': 0.62500000375, 'gamma': 2.575, 'kernel': 'linear'}",0.4866666666666667,0.4588888888888889,0.48777777777777775,0.4411111111111111,0.4922222222222222,0.47333333333333333,0.019950556166634166,1,1.0,1.0,1.0,1.0,1.0,1.0,0.0
105,7.217018985748291,0.08573714236405693,1.5829966068267822,0.11323664154580897,0.62500000375,2.575,rbf,"{'C': 0.62500000375, 'gamma': 2.575, 'kernel': 'rbf'}",0.06777777777777778,0.07,0.06666666666666667,0.06666666666666667,0.06666666666666667,0.06755555555555555,0.001295767087743403,132,1.0,1.0,1.0,1.0,1.0,1.0,0.0
106,7.464806604385376,0.22162587568079994,1.0448154926300048,0.017956993575578215,0.62500000375,2.575,sigmoid,"{'C': 0.62500000375, 'gamma': 2.575, 'kernel': 'sigmoid'}",0.06333333333333334,0.06777777777777778,0.051111111111111114,0.058888888888888886,0.06666666666666667,0.06155555555555555,0.006069555681665628,169,0.05583333333333333,0.0675,0.044444444444444446,0.06111111111111111,0.0661111111111111,0.059,0.008356634091147782
107,3.0175034046173095,0.129194221362522,0.748402214050293,0.03757852576365421,0.62500000375,2.575,poly,"{'C': 0.62500000375, 'gamma': 2.575, 'kernel': 'poly'}",0.38222222222222224,0.35,0.4088888888888889,0.3488888888888889,0.3844444444444444,0.37488888888888894,0.02278834443252315,48,1.0,1.0,1.0,1.0,1.0,1.0,0.0
108,2.25097279548645,0.045269552113943984,0.7680538654327392,0.017726815015119735,0.62500000375,5.05,linear,"{'C': 0.62500000375, 'gamma': 5.05, 'kernel': 'linear'}",0.4866666666666667,0.4588888888888889,0.48777777777777775,0.4411111111111111,0.4922222222222222,0.47333333333333333,0.019950556166634166,1,1.0,1.0,1.0,1.0,1.0,1.0,0.0
109,7.156440162658692,0.06689079823273462,1.578910732269287,0.11327124160629817,0.62500000375,5.05,rbf,"{'C': 0.62500000375, 'gamma': 5.05, 'kernel': 'rbf'}",0.06777777777777778,0.07,0.06666666666666667,0.06666666666666667,0.06666666666666667,0.06755555555555555,0.001295767087743403,132,1.0,1.0,1.0,1.0,1.0,1.0,0.0
110,7.5137707710266115,0.19196541096251254,1.0405989646911622,0.01663728266283575,0.62500000375,5.05,sigmoid,"{'C': 0.62500000375, 'gamma': 5.05, 'kernel': 'sigmoid'}",0.06666666666666667,0.06666666666666667,0.06666666666666667,0.07,0.06666666666666667,0.06733333333333333,0.0013333333333333363,139,0.0675,0.06694444444444445,0.06666666666666667,0.0675,0.06722222222222222,0.06716666666666668,0.0003239417719358521
111,3.0385945796966554,0.09332145545515308,0.7447242736816406,0.025818460862556247,0.62500000375,5.05,poly,"{'C': 0.62500000375, 'gamma': 5.05, 'kernel': 'poly'}",0.38222222222222224,0.35,0.4088888888888889,0.3488888888888889,0.3844444444444444,0.37488888888888894,0.02278834443252315,48,1.0,1.0,1.0,1.0,1.0,1.0,0.0
112,2.2131817817687987,0.045919938727081194,0.7549165725708008,0.017167342725552495,0.62500000375,7.525,linear,"{'C': 0.62500000375, 'gamma': 7.525, 'kernel': 'linear'}",0.4866666666666667,0.4588888888888889,0.48777777777777775,0.4411111111111111,0.4922222222222222,0.47333333333333333,0.019950556166634166,1,1.0,1.0,1.0,1.0,1.0,1.0,0.0
113,7.197318601608276,0.07503084742693071,1.5691556930541992,0.09417749699159668,0.62500000375,7.525,rbf,"{'C': 0.62500000375, 'gamma': 7.525, 'kernel': 'rbf'}",0.06777777777777778,0.07,0.06666666666666667,0.06666666666666667,0.06666666666666667,0.06755555555555555,0.001295767087743403,132,1.0,1.0,1.0,1.0,1.0,1.0,0.0
114,7.474543190002441,0.19811694329637553,1.0503897666931152,0.024194296575039482,0.62500000375,7.525,sigmoid,"{'C': 0.62500000375, 'gamma': 7.525, 'kernel': 'sigmoid'}",0.06666666666666667,0.06666666666666667,0.06666666666666667,0.06666666666666667,0.06666666666666667,0.06666666666666667,0.0,147,0.0675,0.06694444444444445,0.06666666666666667,0.0675,0.06722222222222222,0.06716666666666668,0.0003239417719358521
115,3.0091142654418945,0.12188437820818958,0.7495194435119629,0.03751669507210737,0.62500000375,7.525,poly,"{'C': 0.62500000375, 'gamma': 7.525, 'kernel': 'poly'}",0.38222222222222224,0.35,0.4088888888888889,0.3488888888888889,0.3844444444444444,0.37488888888888894,0.02278834443252315,48,1.0,1.0,1.0,1.0,1.0,1.0,0.0
116,2.2090429782867433,0.05500675033074659,0.7537214279174804,0.016695157601248425,0.62500000375,10.0,linear,"{'C': 0.62500000375, 'gamma': 10.0, 'kernel': 'linear'}",0.4866666666666667,0.4588888888888889,0.48777777777777775,0.4411111111111111,0.4922222222222222,0.47333333333333333,0.019950556166634166,1,1.0,1.0,1.0,1.0,1.0,1.0,0.0
117,7.203985786437988,0.04735745488387928,1.5762016296386718,0.10303301138168401,0.62500000375,10.0,rbf,"{'C': 0.62500000375, 'gamma': 10.0, 'kernel': 'rbf'}",0.06777777777777778,0.07,0.06666666666666667,0.06666666666666667,0.06666666666666667,0.06755555555555555,0.001295767087743403,132,1.0,1.0,1.0,1.0,1.0,1.0,0.0
118,7.436610221862793,0.1757907197424603,1.041914463043213,0.01904564804999283,0.62500000375,10.0,sigmoid,"{'C': 0.62500000375, 'gamma': 10.0, 'kernel': 'sigmoid'}",0.06666666666666667,0.06666666666666667,0.06666666666666667,0.06666666666666667,0.06666666666666667,0.06666666666666667,0.0,147,0.06666666666666667,0.06666666666666667,0.06666666666666667,0.0675,0.06666666666666667,0.06683333333333333,0.0003333333333333355
119,3.0048049449920655,0.12211766035429615,0.7426584720611572,0.03501469272652417,0.62500000375,10.0,poly,"{'C': 0.62500000375, 'gamma': 10.0, 'kernel': 'poly'}",0.38222222222222224,0.35,0.4088888888888889,0.3488888888888889,0.3844444444444444,0.37488888888888894,0.02278834443252315,48,1.0,1.0,1.0,1.0,1.0,1.0,0.0
120,2.2076576232910154,0.048835138892474296,0.7538207530975342,0.01489474943125329,0.7500000025,0.1,linear,"{'C': 0.7500000025, 'gamma': 0.1, 'kernel': 'linear'}",0.4866666666666667,0.4588888888888889,0.48777777777777775,0.4411111111111111,0.4922222222222222,0.47333333333333333,0.019950556166634166,1,1.0,1.0,1.0,1.0,1.0,1.0,0.0
121,7.417662572860718,0.052035736538255335,1.603395414352417,0.0909007161038474,0.7500000025,0.1,rbf,"{'C': 0.7500000025, 'gamma': 0.1, 'kernel': 'rbf'}",0.06777777777777778,0.07,0.06666666666666667,0.06666666666666667,0.06888888888888889,0.06799999999999999,0.0012957670877434021,106,1.0,1.0,1.0,1.0,1.0,1.0,0.0
122,7.6834211349487305,0.1709253174241353,1.1109314441680909,0.03187139269274717,0.7500000025,0.1,sigmoid,"{'C': 0.7500000025, 'gamma': 0.1, 'kernel': 'sigmoid'}",0.05444444444444444,0.04,0.051111111111111114,0.04888888888888889,0.06444444444444444,0.05177777777777778,0.00793803159977411,174,0.04888888888888889,0.05638888888888889,0.049166666666666664,0.05388888888888889,0.055,0.05266666666666666,0.0030761929333126955
123,3.0040940284729003,0.1673949412322337,0.7528459072113037,0.03643488366259383,0.7500000025,0.1,poly,"{'C': 0.7500000025, 'gamma': 0.1, 'kernel': 'poly'}",0.38222222222222224,0.35,0.4088888888888889,0.3488888888888889,0.3844444444444444,0.37488888888888894,0.02278834443252315,48,1.0,1.0,1.0,1.0,1.0,1.0,0.0
124,2.2353697776794434,0.05901453549901181,0.763252067565918,0.02037752898902173,0.7500000025,2.575,linear,"{'C': 0.7500000025, 'gamma': 2.575, 'kernel': 'linear'}",0.4866666666666667,0.4588888888888889,0.48777777777777775,0.4411111111111111,0.4922222222222222,0.47333333333333333,0.019950556166634166,1,1.0,1.0,1.0,1.0,1.0,1.0,0.0
125,7.227048635482788,0.06816935084502278,1.5998100757598877,0.09552804131278668,0.7500000025,2.575,rbf,"{'C': 0.7500000025, 'gamma': 2.575, 'kernel': 'rbf'}",0.06777777777777778,0.07,0.06666666666666667,0.06666666666666667,0.06888888888888889,0.06799999999999999,0.0012957670877434021,106,1.0,1.0,1.0,1.0,1.0,1.0,0.0
126,7.570059490203858,0.21501569813926036,1.0598190307617188,0.015882418517837706,0.7500000025,2.575,sigmoid,"{'C': 0.7500000025, 'gamma': 2.575, 'kernel': 'sigmoid'}",0.06444444444444444,0.06888888888888889,0.06888888888888889,0.06111111111111111,0.06666666666666667,0.06599999999999999,0.002948110924760356,159,0.06055555555555556,0.06805555555555555,0.07138888888888889,0.06111111111111111,0.06638888888888889,0.0655,0.004140286863085935
127,3.056740379333496,0.06610420539634687,0.7472124576568604,0.021332500824897585,0.7500000025,2.575,poly,"{'C': 0.7500000025, 'gamma': 2.575, 'kernel': 'poly'}",0.38222222222222224,0.35,0.4088888888888889,0.3488888888888889,0.3844444444444444,0.37488888888888894,0.02278834443252315,48,1.0,1.0,1.0,1.0,1.0,1.0,0.0
128,2.195344591140747,0.0317342685039158,0.7535768032073975,0.011226558759226894,0.7500000025,5.05,linear,"{'C': 0.7500000025, 'gamma': 5.05, 'kernel': 'linear'}",0.4866666666666667,0.4588888888888889,0.48777777777777775,0.4411111111111111,0.4922222222222222,0.47333333333333333,0.019950556166634166,1,1.0,1.0,1.0,1.0,1.0,1.0,0.0
129,7.197249221801758,0.04165556886059308,1.5628959655761718,0.105106125063917,0.7500000025,5.05,rbf,"{'C': 0.7500000025, 'gamma': 5.05, 'kernel': 'rbf'}",0.06777777777777778,0.07,0.06666666666666667,0.06666666666666667,0.06888888888888889,0.06799999999999999,0.0012957670877434021,106,1.0,1.0,1.0,1.0,1.0,1.0,0.0
130,7.48524842262268,0.1872575893907666,1.0396546840667724,0.00914851312763249,0.7500000025,5.05,sigmoid,"{'C': 0.7500000025, 'gamma': 5.05, 'kernel': 'sigmoid'}",0.07111111111111111,0.06888888888888889,0.06666666666666667,0.057777777777777775,0.06666666666666667,0.06622222222222221,0.004532461789860254,156,0.06666666666666667,0.06694444444444445,0.06722222222222222,0.06888888888888889,0.06666666666666667,0.06727777777777778,0.000831479419283098
131,3.038236904144287,0.13984747013917537,0.7564457416534424,0.03850636048697008,0.7500000025,5.05,poly,"{'C': 0.7500000025, 'gamma': 5.05, 'kernel': 'poly'}",0.38222222222222224,0.35,0.4088888888888889,0.3488888888888889,0.3844444444444444,0.37488888888888894,0.02278834443252315,48,1.0,1.0,1.0,1.0,1.0,1.0,0.0
132,2.2309106826782226,0.059017174507256534,0.7603124618530274,0.015110987859770827,0.7500000025,7.525,linear,"{'C': 0.7500000025, 'gamma': 7.525, 'kernel': 'linear'}",0.4866666666666667,0.4588888888888889,0.48777777777777775,0.4411111111111111,0.4922222222222222,0.47333333333333333,0.019950556166634166,1,1.0,1.0,1.0,1.0,1.0,1.0,0.0
133,7.229788541793823,0.04926030528396768,1.5822984218597411,0.1189878801007157,0.7500000025,7.525,rbf,"{'C': 0.7500000025, 'gamma': 7.525, 'kernel': 'rbf'}",0.06777777777777778,0.07,0.06666666666666667,0.06666666666666667,0.06888888888888889,0.06799999999999999,0.0012957670877434021,106,1.0,1.0,1.0,1.0,1.0,1.0,0.0
134,7.464286994934082,0.22271544254492776,1.0339792728424073,0.01474495707185822,0.7500000025,7.525,sigmoid,"{'C': 0.7500000025, 'gamma': 7.525, 'kernel': 'sigmoid'}",0.07333333333333333,0.06666666666666667,0.06666666666666667,0.058888888888888886,0.06666666666666667,0.06644444444444444,0.004575835618216445,153,0.06722222222222222,0.06694444444444445,0.06722222222222222,0.06833333333333333,0.06666666666666667,0.06727777777777777,0.0005665577237325302
135,3.0494927406311034,0.09173844232668509,0.7490452289581299,0.03573610213318304,0.7500000025,7.525,poly,"{'C': 0.7500000025, 'gamma': 7.525, 'kernel': 'poly'}",0.38222222222222224,0.35,0.4088888888888889,0.3488888888888889,0.3844444444444444,0.37488888888888894,0.02278834443252315,48,1.0,1.0,1.0,1.0,1.0,1.0,0.0
136,2.2039408683776855,0.046625605639797514,0.7583467960357666,0.014534180052104868,0.7500000025,10.0,linear,"{'C': 0.7500000025, 'gamma': 10.0, 'kernel': 'linear'}",0.4866666666666667,0.4588888888888889,0.48777777777777775,0.4411111111111111,0.4922222222222222,0.47333333333333333,0.019950556166634166,1,1.0,1.0,1.0,1.0,1.0,1.0,0.0
137,7.240255975723267,0.05037288597545235,1.5815490245819093,0.10588447613066962,0.7500000025,10.0,rbf,"{'C': 0.7500000025, 'gamma': 10.0, 'kernel': 'rbf'}",0.06777777777777778,0.07,0.06666666666666667,0.06666666666666667,0.06888888888888889,0.06799999999999999,0.0012957670877434021,106,1.0,1.0,1.0,1.0,1.0,1.0,0.0
138,7.5015867233276365,0.1979669681732035,1.0403711318969726,0.007572737018560906,0.7500000025,10.0,sigmoid,"{'C': 0.7500000025, 'gamma': 10.0, 'kernel': 'sigmoid'}",0.07333333333333333,0.06666666666666667,0.06666666666666667,0.06444444444444444,0.06666666666666667,0.06755555555555555,0.003014368881389009,132,0.06777777777777778,0.06722222222222222,0.06722222222222222,0.06833333333333333,0.06694444444444445,0.0675,0.0004969039949999518
139,3.051449489593506,0.12261846601663803,0.7604715347290039,0.0377164238267136,0.7500000025,10.0,poly,"{'C': 0.7500000025, 'gamma': 10.0, 'kernel': 'poly'}",0.38222222222222224,0.35,0.4088888888888889,0.3488888888888889,0.3844444444444444,0.37488888888888894,0.02278834443252315,48,1.0,1.0,1.0,1.0,1.0,1.0,0.0
140,2.21002516746521,0.05910200465277614,0.7513415813446045,0.017812524137204588,0.87500000125,0.1,linear,"{'C': 0.87500000125, 'gamma': 0.1, 'kernel': 'linear'}",0.4866666666666667,0.4588888888888889,0.48777777777777775,0.4411111111111111,0.4922222222222222,0.47333333333333333,0.019950556166634166,1,1.0,1.0,1.0,1.0,1.0,1.0,0.0
141,7.3719391345977785,0.09934013078441602,1.632051658630371,0.1124355557235281,0.87500000125,0.1,rbf,"{'C': 0.87500000125, 'gamma': 0.1, 'kernel': 'rbf'}",0.06777777777777778,0.07,0.06666666666666667,0.06666666666666667,0.06888888888888889,0.06799999999999999,0.0012957670877434021,106,1.0,1.0,1.0,1.0,1.0,1.0,0.0
142,7.67125678062439,0.19054797078310684,1.093567132949829,0.018136598783727326,0.87500000125,0.1,sigmoid,"{'C': 0.87500000125, 'gamma': 0.1, 'kernel': 'sigmoid'}",0.06666666666666667,0.043333333333333335,0.051111111111111114,0.05333333333333334,0.06111111111111111,0.05511111111111111,0.008092062869348052,173,0.05305555555555556,0.055,0.05388888888888889,0.05388888888888889,0.058888888888888886,0.05494444444444444,0.002066786137526474
143,3.0162131786346436,0.1329614758832841,0.7425953388214112,0.036123653884344055,0.87500000125,0.1,poly,"{'C': 0.87500000125, 'gamma': 0.1, 'kernel': 'poly'}",0.38222222222222224,0.35,0.4088888888888889,0.3488888888888889,0.3844444444444444,0.37488888888888894,0.02278834443252315,48,1.0,1.0,1.0,1.0,1.0,1.0,0.0
144,2.2278717517852784,0.060742311778282314,0.7559244632720947,0.01739303085891908,0.87500000125,2.575,linear,"{'C': 0.87500000125, 'gamma': 2.575, 'kernel': 'linear'}",0.4866666666666667,0.4588888888888889,0.48777777777777775,0.4411111111111111,0.4922222222222222,0.47333333333333333,0.019950556166634166,1,1.0,1.0,1.0,1.0,1.0,1.0,0.0
145,7.215268087387085,0.08868807481126888,1.5783766746520995,0.08023962664199119,0.87500000125,2.575,rbf,"{'C': 0.87500000125, 'gamma': 2.575, 'kernel': 'rbf'}",0.06777777777777778,0.07,0.06666666666666667,0.06666666666666667,0.06888888888888889,0.06799999999999999,0.0012957670877434021,106,1.0,1.0,1.0,1.0,1.0,1.0,0.0
146,7.514739608764648,0.15216739156324172,1.082770872116089,0.05746340904795573,0.87500000125,2.575,sigmoid,"{'C': 0.87500000125, 'gamma': 2.575, 'kernel': 'sigmoid'}",0.06333333333333334,0.06777777777777778,0.051111111111111114,0.058888888888888886,0.06666666666666667,0.06155555555555555,0.006069555681665628,169,0.05583333333333333,0.0675,0.044444444444444446,0.060833333333333336,0.0661111111111111,0.058944444444444445,0.008343327340522552
147,2.9681246280670166,0.1321760117951665,0.7483131885528564,0.03540168380122351,0.87500000125,2.575,poly,"{'C': 0.87500000125, 'gamma': 2.575, 'kernel': 'poly'}",0.38222222222222224,0.35,0.4088888888888889,0.3488888888888889,0.3844444444444444,0.37488888888888894,0.02278834443252315,48,1.0,1.0,1.0,1.0,1.0,1.0,0.0
148,2.26943302154541,0.049733626793007295,0.7729677200317383,0.025094097236982284,0.87500000125,5.05,linear,"{'C': 0.87500000125, 'gamma': 5.05, 'kernel': 'linear'}",0.4866666666666667,0.4588888888888889,0.48777777777777775,0.4411111111111111,0.4922222222222222,0.47333333333333333,0.019950556166634166,1,1.0,1.0,1.0,1.0,1.0,1.0,0.0
149,7.1935844898223875,0.0687488273411081,1.5864147663116455,0.09964747690286842,0.87500000125,5.05,rbf,"{'C': 0.87500000125, 'gamma': 5.05, 'kernel': 'rbf'}",0.06777777777777778,0.07,0.06666666666666667,0.06666666666666667,0.06888888888888889,0.06799999999999999,0.0012957670877434021,106,1.0,1.0,1.0,1.0,1.0,1.0,0.0
150,7.541405773162841,0.1911199610670939,1.044185256958008,0.010664967253381325,0.87500000125,5.05,sigmoid,"{'C': 0.87500000125, 'gamma': 5.05, 'kernel': 'sigmoid'}",0.06666666666666667,0.06666666666666667,0.06666666666666667,0.07,0.06666666666666667,0.06733333333333333,0.0013333333333333363,139,0.0675,0.06694444444444445,0.06666666666666667,0.0675,0.06722222222222222,0.06716666666666668,0.0003239417719358521
151,3.051636552810669,0.12977813633188898,0.7571405887603759,0.037879261000486775,0.87500000125,5.05,poly,"{'C': 0.87500000125, 'gamma': 5.05, 'kernel': 'poly'}",0.38222222222222224,0.35,0.4088888888888889,0.3488888888888889,0.3844444444444444,0.37488888888888894,0.02278834443252315,48,1.0,1.0,1.0,1.0,1.0,1.0,0.0
152,2.232660007476807,0.06776340215702609,0.7577267646789551,0.01745535602306708,0.87500000125,7.525,linear,"{'C': 0.87500000125, 'gamma': 7.525, 'kernel': 'linear'}",0.4866666666666667,0.4588888888888889,0.48777777777777775,0.4411111111111111,0.4922222222222222,0.47333333333333333,0.019950556166634166,1,1.0,1.0,1.0,1.0,1.0,1.0,0.0
153,7.2487259864807125,0.07912779878537063,1.5893788814544678,0.07460556984485912,0.87500000125,7.525,rbf,"{'C': 0.87500000125, 'gamma': 7.525, 'kernel': 'rbf'}",0.06777777777777778,0.07,0.06666666666666667,0.06666666666666667,0.06888888888888889,0.06799999999999999,0.0012957670877434021,106,1.0,1.0,1.0,1.0,1.0,1.0,0.0
154,7.589612674713135,0.19820625993004773,1.0662904262542725,0.032159674383500154,0.87500000125,7.525,sigmoid,"{'C': 0.87500000125, 'gamma': 7.525, 'kernel': 'sigmoid'}",0.06666666666666667,0.06666666666666667,0.06666666666666667,0.06666666666666667,0.06666666666666667,0.06666666666666667,0.0,147,0.0675,0.06694444444444445,0.06666666666666667,0.0675,0.06722222222222222,0.06716666666666668,0.0003239417719358521
155,2.9978657722473145,0.1176733910746979,0.7445723533630371,0.04107571058577082,0.87500000125,7.525,poly,"{'C': 0.87500000125, 'gamma': 7.525, 'kernel': 'poly'}",0.38222222222222224,0.35,0.4088888888888889,0.3488888888888889,0.3844444444444444,0.37488888888888894,0.02278834443252315,48,1.0,1.0,1.0,1.0,1.0,1.0,0.0
156,2.245499038696289,0.05282479172869329,0.761171531677246,0.02058008804520986,0.87500000125,10.0,linear,"{'C': 0.87500000125, 'gamma': 10.0, 'kernel': 'linear'}",0.4866666666666667,0.4588888888888889,0.48777777777777775,0.4411111111111111,0.4922222222222222,0.47333333333333333,0.019950556166634166,1,1.0,1.0,1.0,1.0,1.0,1.0,0.0
157,7.14499716758728,0.08376539340280638,1.568508005142212,0.12358157622770222,0.87500000125,10.0,rbf,"{'C': 0.87500000125, 'gamma': 10.0, 'kernel': 'rbf'}",0.06777777777777778,0.07,0.06666666666666667,0.06666666666666667,0.06888888888888889,0.06799999999999999,0.0012957670877434021,106,1.0,1.0,1.0,1.0,1.0,1.0,0.0
158,7.460163021087647,0.20255205115141475,1.0493438243865967,0.021137934345329852,0.87500000125,10.0,sigmoid,"{'C': 0.87500000125, 'gamma': 10.0, 'kernel': 'sigmoid'}",0.06666666666666667,0.06666666666666667,0.06666666666666667,0.06666666666666667,0.06666666666666667,0.06666666666666667,0.0,147,0.06722222222222222,0.06722222222222222,0.06666666666666667,0.06722222222222222,0.06666666666666667,0.067,0.0002721655269759104
159,3.0056669235229494,0.1486204674473229,0.7511792182922363,0.03800467690646831,0.87500000125,10.0,poly,"{'C': 0.87500000125, 'gamma': 10.0, 'kernel': 'poly'}",0.38222222222222224,0.35,0.4088888888888889,0.3488888888888889,0.3844444444444444,0.37488888888888894,0.02278834443252315,48,1.0,1.0,1.0,1.0,1.0,1.0,0.0
160,2.2484538078308107,0.06428098638431218,0.7647520542144776,0.02045898105480141,1.0,0.1,linear,"{'C': 1.0, 'gamma': 0.1, 'kernel': 'linear'}",0.4866666666666667,0.4588888888888889,0.48777777777777775,0.4411111111111111,0.4922222222222222,0.47333333333333333,0.019950556166634166,1,1.0,1.0,1.0,1.0,1.0,1.0,0.0
161,6.675140428543091,0.0842477682166045,1.6179231643676757,0.12292406877071647,1.0,0.1,rbf,"{'C': 1.0, 'gamma': 0.1, 'kernel': 'rbf'}",0.06777777777777778,0.07,0.06666666666666667,0.06666666666666667,0.06888888888888889,0.06799999999999999,0.0012957670877434021,106,1.0,1.0,1.0,1.0,1.0,1.0,0.0
162,7.6013750553131105,0.2173170454156488,1.0887278079986573,0.018066639088330626,1.0,0.1,sigmoid,"{'C': 1.0, 'gamma': 0.1, 'kernel': 'sigmoid'}",0.06222222222222222,0.052222222222222225,0.051111111111111114,0.06111111111111111,0.058888888888888886,0.05711111111111111,0.004586614986788952,172,0.052222222222222225,0.058333333333333334,0.05611111111111111,0.058055555555555555,0.051944444444444446,0.05533333333333333,0.0027632955812101965
163,3.0377902030944823,0.12748512389622751,0.7511279582977295,0.04214441424335881,1.0,0.1,poly,"{'C': 1.0, 'gamma': 0.1, 'kernel': 'poly'}",0.38222222222222224,0.35,0.4088888888888889,0.3488888888888889,0.3844444444444444,0.37488888888888894,0.02278834443252315,48,1.0,1.0,1.0,1.0,1.0,1.0,0.0
164,2.2039297580718995,0.06431368442679097,0.752229881286621,0.01684762453190167,1.0,2.575,linear,"{'C': 1.0, 'gamma': 2.575, 'kernel': 'linear'}",0.4866666666666667,0.4588888888888889,0.48777777777777775,0.4411111111111111,0.4922222222222222,0.47333333333333333,0.019950556166634166,1,1.0,1.0,1.0,1.0,1.0,1.0,0.0
165,6.556583595275879,0.03616952243797983,1.5758856773376464,0.09209842199651759,1.0,2.575,rbf,"{'C': 1.0, 'gamma': 2.575, 'kernel': 'rbf'}",0.06777777777777778,0.07,0.06666666666666667,0.06666666666666667,0.06888888888888889,0.06799999999999999,0.0012957670877434021,106,1.0,1.0,1.0,1.0,1.0,1.0,0.0
166,7.403478193283081,0.14910734076538487,1.0551677703857423,0.0332217313913039,1.0,2.575,sigmoid,"{'C': 1.0, 'gamma': 2.575, 'kernel': 'sigmoid'}",0.06333333333333334,0.05444444444444444,0.06111111111111111,0.057777777777777775,0.06666666666666667,0.06066666666666667,0.004251361437713111,171,0.05583333333333333,0.05527777777777778,0.05555555555555555,0.059444444444444446,0.0661111111111111,0.058444444444444445,0.004122356990908698
167,2.965666580200195,0.14812931578760996,0.7465466499328614,0.02999872381031111,1.0,2.575,poly,"{'C': 1.0, 'gamma': 2.575, 'kernel': 'poly'}",0.38222222222222224,0.35,0.4088888888888889,0.3488888888888889,0.3844444444444444,0.37488888888888894,0.02278834443252315,48,1.0,1.0,1.0,1.0,1.0,1.0,0.0
168,2.2360520362854004,0.05825752846270837,0.7619089126586914,0.02604843918443334,1.0,5.05,linear,"{'C': 1.0, 'gamma': 5.05, 'kernel': 'linear'}",0.4866666666666667,0.4588888888888889,0.48777777777777775,0.4411111111111111,0.4922222222222222,0.47333333333333333,0.019950556166634166,1,1.0,1.0,1.0,1.0,1.0,1.0,0.0
169,6.644161176681519,0.14154336176373,1.6692060947418212,0.14181715872645903,1.0,5.05,rbf,"{'C': 1.0, 'gamma': 5.05, 'kernel': 'rbf'}",0.06777777777777778,0.07,0.06666666666666667,0.06666666666666667,0.06888888888888889,0.06799999999999999,0.0012957670877434021,106,1.0,1.0,1.0,1.0,1.0,1.0,0.0
170,7.873854541778565,0.11211406776494755,1.1691906452178955,0.08311806088879412,1.0,5.05,sigmoid,"{'C': 1.0, 'gamma': 5.05, 'kernel': 'sigmoid'}",0.06666666666666667,0.06555555555555556,0.06666666666666667,0.07,0.06666666666666667,0.06711111111111111,0.0015071844406945056,141,0.06722222222222222,0.06722222222222222,0.06666666666666667,0.06722222222222222,0.06694444444444445,0.06705555555555556,0.00022222222222222364
171,3.184853506088257,0.17457988924145712,0.7984755516052247,0.04385307142493161,1.0,5.05,poly,"{'C': 1.0, 'gamma': 5.05, 'kernel': 'poly'}",0.38222222222222224,0.35,0.4088888888888889,0.3488888888888889,0.3844444444444444,0.37488888888888894,0.02278834443252315,48,1.0,1.0,1.0,1.0,1.0,1.0,0.0
172,2.5166962146759033,0.17377603831766444,0.902913761138916,0.10589109722749447,1.0,7.525,linear,"{'C': 1.0, 'gamma': 7.525, 'kernel': 'linear'}",0.4866666666666667,0.4588888888888889,0.48777777777777775,0.4411111111111111,0.4922222222222222,0.47333333333333333,0.019950556166634166,1,1.0,1.0,1.0,1.0,1.0,1.0,0.0
173,7.999536800384521,0.1804964140725635,1.8141820430755615,0.11911382648958196,1.0,7.525,rbf,"{'C': 1.0, 'gamma': 7.525, 'kernel': 'rbf'}",0.06777777777777778,0.07,0.06666666666666667,0.06666666666666667,0.06888888888888889,0.06799999999999999,0.0012957670877434021,106,1.0,1.0,1.0,1.0,1.0,1.0,0.0
174,8.686324453353881,0.2972022738868453,1.2376813411712646,0.04385982827382357,1.0,7.525,sigmoid,"{'C': 1.0, 'gamma': 7.525, 'kernel': 'sigmoid'}",0.06666666666666667,0.06888888888888889,0.06666666666666667,0.06666666666666667,0.06666666666666667,0.0671111111111111,0.000888888888888889,142,0.06722222222222222,0.06722222222222222,0.06666666666666667,0.06694444444444445,0.06694444444444445,0.06700000000000002,0.00020786985482077583
175,3.6249952793121336,0.22695903001483972,0.8681544303894043,0.0699366341512194,1.0,7.525,poly,"{'C': 1.0, 'gamma': 7.525, 'kernel': 'poly'}",0.38222222222222224,0.35,0.4088888888888889,0.3488888888888889,0.3844444444444444,0.37488888888888894,0.02278834443252315,48,1.0,1.0,1.0,1.0,1.0,1.0,0.0
176,2.5552915573120116,0.07871972464711588,0.883747148513794,0.020825376670022287,1.0,10.0,linear,"{'C': 1.0, 'gamma': 10.0, 'kernel': 'linear'}",0.4866666666666667,0.4588888888888889,0.48777777777777775,0.4411111111111111,0.4922222222222222,0.47333333333333333,0.019950556166634166,1,1.0,1.0,1.0,1.0,1.0,1.0,0.0
177,7.347676134109497,0.13905676885552612,1.8070722103118897,0.18797390822513166,1.0,10.0,rbf,"{'C': 1.0, 'gamma': 10.0, 'kernel': 'rbf'}",0.06777777777777778,0.07,0.06666666666666667,0.06666666666666667,0.06888888888888889,0.06799999999999999,0.0012957670877434021,106,1.0,1.0,1.0,1.0,1.0,1.0,0.0
178,8.371814870834351,0.19538512747459105,1.2345044136047363,0.07334203196499889,1.0,10.0,sigmoid,"{'C': 1.0, 'gamma': 10.0, 'kernel': 'sigmoid'}",0.06666666666666667,0.06666666666666667,0.06666666666666667,0.06666666666666667,0.06666666666666667,0.06666666666666667,0.0,147,0.06722222222222222,0.0675,0.06666666666666667,0.0675,0.06666666666666667,0.06711111111111111,0.0003767961101736284
179,3.4146456718444824,0.2244061822376579,0.8473994255065918,0.06858664721307746,1.0,10.0,poly,"{'C': 1.0, 'gamma': 10.0, 'kernel': 'poly'}",0.38222222222222224,0.35,0.4088888888888889,0.3488888888888889,0.3844444444444444,0.37488888888888894,0.02278834443252315,48,1.0,1.0,1.0,1.0,1.0,1.0,0.0
